"","country","year","iso3","eb_econgood","gdpgrowth","unemployment","inflation","lfp","lfp_men","manufacturing","trade","gini","wage_growth"
"1","Albania",2016,"ALB",34.5559844970703,3.46000003814697,16.3330001831055,-0.25373187661171,50.3269996643066,60.7939987182617,5.9611496925354,74.3199462890625,NA,NA
"2","Albania",2015,"ALB",41.5597229003906,2.58999991416931,17.0799999237061,0.293880015611649,50.3059997558594,60.6609992980957,6.12919044494629,71.7793579101562,NA,NA
"3","Albania",2014,"ALB",27.6315784454346,1.79999995231628,17.4899997711182,1.42233741283417,50.3779983520508,60.632999420166,5.48394870758057,75.4557037353516,NA,NA
"4","Austria",2016,"AUT",59.161792755127,1.48073077201843,6.10900020599365,1.28006494045258,60.1870002746582,65.9219970703125,18.7203407287598,100.66813659668,NA,NA
"5","Austria",2015,"AUT",50.9471588134766,0.963058412075043,5.72300004959106,1.88738942146301,60.2379989624023,66.0250015258789,18.9064292907715,102.112174987793,NA,0.715541362762451
"6","Austria",2014,"AUT",49.9030990600586,0.644844830036163,5.61999988555908,1.78624498844147,60.226001739502,66.0739974975586,18.5372543334961,102.732330322266,0.280000001192093,0.235767111182213
"7","Austria",2013,"AUT",60.7558135986328,0.124223545193672,5.33500003814697,1.58367359638214,60.984001159668,67.2809982299805,18.6473960876465,103.802947998047,NA,0.101855762302876
"8","Austria",2012,"AUT",64.1851119995117,0.745756089687347,4.86499977111816,1.98919785022736,60.9410018920898,67.6620025634766,18.9329299926758,105.000007629395,0.275999993085861,0.569643974304199
"9","Austria",2011,"AUT",61.2774467468262,2.80799984931946,4.56400012969971,1.89159059524536,60.6570014953613,67.6460037231445,18.7667064666748,104.82389831543,NA,-1.0971360206604
"10","Austria",2010,"AUT",60.9000015258789,1.92867302894592,4.82000017166138,1.00083041191101,60.5209999084473,67.6480026245117,18.673641204834,98.6830825805664,NA,-0.413416355848312
"11","Austria",2009,"AUT",35.7988166809082,-3.79907512664795,5.30100011825562,1.9045113325119,60.7690010070801,67.9489974975586,18.4620742797852,86.8070449829102,NA,1.53665482997894
"12","Austria",2008,"AUT",60,1.54726386070251,4.12799978256226,1.81881594657898,60.6189994812012,68.4189987182617,19.5950469970703,102.125053405762,NA,1.73619055747986
"13","Austria",2007,"AUT",82.8571395874023,3.62151050567627,4.85799980163574,2.25198793411255,60.4739990234375,68.7730026245117,20.4519939422607,100.818832397461,0.284999996423721,0.503295719623566
"14","Austria",2006,"AUT",69.1625595092773,3.3508312702179,5.24300003051758,1.9086354970932,59.632999420166,67.7460021972656,20.0696754455566,98.2302551269531,NA,1.44882464408875
"15","Austria",2005,"AUT",59.5999984741211,2.14068269729614,5.62799978256226,2.56790399551392,58.9620018005371,67.3109970092773,19.6902885437012,94.1620101928711,NA,0.460865497589111
"16","Belgium",2016,"BEL",48.8736534118652,1.19297885894775,8.25599956512451,1.55846750736237,53.5130004882812,59.0830001831055,14.2375936508179,166.5224609375,NA,NA
"17","Belgium",2015,"BEL",47.1386985778809,1.47605895996094,8.48200035095215,0.868917405605316,53.5989990234375,59.2560005187988,14.2712068557739,164.227401733398,NA,-0.0909069702029228
"18","Belgium",2014,"BEL",30.2999992370605,1.64618337154388,8.52299976348877,0.657338857650757,53.6040000915527,59.3170013427734,13.9901752471924,165.491012573242,0.26800000667572,0.350868999958038
"19","Belgium",2013,"BEL",43.4618988037109,-0.0623492151498795,8.42500019073486,1.15494024753571,53.5690002441406,59.6500015258789,13.9999485015869,162.470932006836,NA,0.735172808170319
"20","Belgium",2012,"BEL",19.7866153717041,0.137051656842232,7.54199981689453,2.07426190376282,53.2249984741211,59.6679992675781,14.0785350799561,163.995101928711,0.26800000667572,0.776500761508942
"21","Belgium",2011,"BEL",29.7665367126465,1.79663002490997,7.1399998664856,2.00330305099487,53.1710014343262,59.6319999694824,14.250509262085,162.753952026367,NA,0.891231417655945
"22","Belgium",2010,"BEL",31.8045864105225,2.69514465332031,8.29199981689453,1.93194079399109,54.0880012512207,60.773998260498,14.7209787368774,151.100112915039,NA,-0.581173777580261
"23","Belgium",2009,"BEL",22.4032592773438,-2.2851128578186,7.90799999237061,0.810985147953033,53.5139999389648,60.382999420166,14.2839317321777,136.356628417969,NA,0.855193614959717
"24","Belgium",2008,"BEL",28,0.747284173965454,6.97599983215332,1.95140492916107,53.75,60.8800010681152,15.867057800293,158.907943725586,NA,0.310850858688354
"25","Belgium",2007,"BEL",64.9706420898438,3.39749312400818,7.45800018310547,2.05846571922302,53.7470016479492,61.2120018005371,16.8979740142822,151.163436889648,0.280000001192093,-0.458143442869186
"26","Belgium",2006,"BEL",66.101692199707,2.49913501739502,8.24600028991699,2.3167781829834,53.201000213623,60.9140014648438,17.0025978088379,147.693939208984,NA,0.411859631538391
"27","Belgium",2005,"BEL",39.4000015258789,2.09448504447937,8.4399995803833,2.13581585884094,53.382999420166,61.4440002441406,17.6408920288086,143.376327514648,NA,-0.622322201728821
"28","Bulgaria",2016,"BGR",13.7351779937744,3.44253206253052,8.00100040435791,1.10699212551117,54.1220016479492,60.1240005493164,NA,124.072944641113,NA,NA
"29","Bulgaria",2015,"BGR",8.69565200805664,3.61744260787964,9.14299964904785,2.20583987236023,54.1609992980957,60.1450004577637,15.5130786895752,128.066635131836,NA,NA
"30","Bulgaria",2014,"BGR",6.36815929412842,1.32884967327118,11.423999786377,0.452057957649231,54.1259994506836,60.0460014343262,15.1852321624756,130.967910766602,NA,NA
"31","Bulgaria",2013,"BGR",4.38169431686401,0.862092733383179,12.9409999847412,-0.702844440937042,53.8380012512207,59.5699996948242,14.6815042495728,129.71484375,NA,NA
"32","Bulgaria",2012,"BGR",6.96078443527222,0.0309436079114676,12.2700004577637,1.55532395839691,53.0610008239746,58.7089996337891,15.7937726974487,124.776321411133,NA,NA
"33","Bulgaria",2011,"BGR",5.38922166824341,1.91501796245575,11.2600002288818,5.97852516174316,52.5250015258789,58.2550010681152,15.6847219467163,117.76197052002,NA,NA
"34","Bulgaria",2010,"BGR",7.00700712203979,0.0545579232275486,10.2790002822876,2.59006810188293,53.3250007629395,59.5299987792969,13.4698028564453,103.207382202148,NA,NA
"35","Bulgaria",2009,"BGR",10.1761255264282,-4.21972703933716,6.81699991226196,4.04713869094849,54.2879981994629,61.0330009460449,14.721360206604,93.1223373413086,NA,NA
"36","Bulgaria",2008,"BGR",14,5.64700555801392,5.6100001335144,8.15613746643066,55.064998626709,61.8610000610352,14.5303535461426,124.266174316406,NA,NA
"37","Bulgaria",2007,"BGR",16.581371307373,7.67535066604614,6.87799978256226,11.0661001205444,53.6879997253418,59.8429985046387,16.2876091003418,122.613845825195,NA,NA
"38","Bulgaria",2006,"BGR",17.8743953704834,6.75313377380371,8.95100021362305,6.74199438095093,52.2099990844727,58.0979995727539,15.7810134887695,111.291412353516,NA,NA
"39","Bulgaria",2005,"BGR",9.81354236602783,7.23619318008423,10.0830001831055,6.50343894958496,50.2449989318848,56.3429985046387,15.8301277160645,99.8734436035156,NA,NA
"40","Cyprus",2016,"CYP",30.3999996185303,2.83451223373413,11.7279996871948,-1.29970180988312,64.088996887207,70.3170013427734,4.9629340171814,124.453956604004,NA,NA
"41","Cyprus",2015,"CYP",14.2284564971924,1.67927372455597,14.9079999923706,-1.26077497005463,63.9259986877441,70.1579971313477,4.75622892379761,122.101013183594,NA,NA
"42","Cyprus",2014,"CYP",6.59999990463257,-1.53145158290863,16.0879993438721,-1.53204798698425,63.6829986572266,69.8929977416992,4.66014242172241,122.331703186035,NA,NA
"43","Cyprus",2013,"CYP",3.18091440200806,-5.95274782180786,15.871000289917,-1.03767049312592,63.2350006103516,70.411003112793,4.32791090011597,115.615234375,NA,NA
"44","Cyprus",2012,"CYP",6.36182880401611,-3.15777778625488,11.7950000762939,1.87860369682312,63.390998840332,70.7529983520508,4.67927360534668,108.495918273926,NA,NA
"45","Cyprus",2011,"CYP",21.073558807373,0.321195989847183,7.85599994659424,1.90899968147278,63.6189994812012,70.6149978637695,5.21059226989746,108.788665771484,NA,NA
"46","Cyprus",2010,"CYP",33.3333320617676,1.31777775287628,6.26300001144409,2.00810408592224,64.359001159668,71.3130035400391,5.80549907684326,107.690872192383,NA,NA
"47","Cyprus",2009,"CYP",58.2178230285645,-1.77245080471039,5.36399984359741,0.0234182849526405,63.9280014038086,71.4160003662109,6.11711692810059,102.801834106445,NA,NA
"48","Cyprus",2008,"CYP",53,3.86396598815918,3.65499997138977,4.02441787719727,63.8450012207031,71.9670028686523,6.33996295928955,112.946960449219,NA,NA
"49","Cyprus",2007,"CYP",53.4930152893066,4.8207106590271,3.92199993133545,3.18614888191223,63.9620018005371,72.5019989013672,6.65279293060303,111.275085449219,NA,NA
"50","Cyprus",2006,"CYP",59.8409538269043,4.51018333435059,4.54300022125244,3.47577333450317,63.6440010070801,72.7710037231445,7.03958892822266,109.806442260742,NA,NA
"51","Cyprus",2005,"CYP",64.5544586181641,3.72431778907776,5.30399990081787,4.027174949646,63.3919982910156,73.0869979858398,7.78656387329102,111.917518615723,NA,NA
"52","Czech Republic",2016,"CZE",59.9601593017578,2.42603302001953,4.04500007629395,1.07070398330688,59.4049987792969,68.0260009765625,27.1234226226807,153.314849853516,NA,NA
"53","Czech Republic",2015,"CZE",50.3952560424805,4.53562879562378,5.0460000038147,1.0016428232193,59.439998626709,68.2160034179688,26.9733772277832,159.780334472656,NA,2.01895570755005
"54","Czech Republic",2014,"CZE",35.0710906982422,2.71511602401733,6.10799980163574,2.47997665405273,59.4300003051758,68.3310012817383,26.7608947753906,158.726959228516,0.261999994516373,0.656596004962921
"55","Czech Republic",2013,"CZE",14.8999996185303,-0.48367103934288,6.95300006866455,1.43189787864685,59.359001159668,68.1520004272461,24.8346118927002,147.978179931641,NA,-1.10379552841187
"56","Czech Republic",2012,"CZE",11.3659019470215,-0.799844264984131,6.97800016403198,1.4599746465683,58.6769981384277,67.7160034179688,24.7292861938477,147.537460327148,0.256000012159348,-0.0707350596785545
"57","Czech Republic",2011,"CZE",13.3732538223267,2.00470399856567,6.71099996566772,0.0209526121616364,58.2490005493164,67.5029983520508,24.4431896209717,138.784973144531,NA,0.905722141265869
"58","Czech Republic",2010,"CZE",16.9921875,2.29508972167969,7.27899980545044,-1.45034444332123,58.390998840332,68,23.4489727020264,129.25456237793,NA,2.32580637931824
"59","Czech Republic",2009,"CZE",19.4698352813721,-4.8417854309082,6.66200017929077,2.64059782028198,58.6370010375977,68.2509994506836,22.8686923980713,113.741119384766,NA,-0.252816736698151
"60","Czech Republic",2008,"CZE",39,2.71095561981201,4.39200019836426,2.02373480796814,58.5219993591309,68.213996887207,24.5340633392334,124.560325622559,NA,0.0362723954021931
"61","Czech Republic",2007,"CZE",42.0957527160645,5.52926635742188,5.32000017166138,3.53330540657043,58.8880004882812,68.4469985961914,25.9611148834229,130.655227661133,0.256999999284744,2.95146441459656
"62","Czech Republic",2006,"CZE",46.5627861022949,6.87654447555542,7.14799976348877,0.721512258052826,59.3499984741211,68.6539993286133,25.9257259368896,127.838737487793,NA,3.94833374023438
"63","Czech Republic",2005,"CZE",36.4140472412109,6.44226217269897,7.92700004577637,0.102300718426704,59.5320014953613,68.8929977416992,25.4966411590576,122.27587890625,NA,2.94158625602722
"64","Germany",2016,"DEU",86.9934616088867,1.8672581911087,4.31099987030029,1.44425094127655,60.2669982910156,66.2760009765625,22.6181564331055,84.3638458251953,NA,NA
"65","Germany",2015,"DEU",86.0374908447266,1.72073352336884,4.62400007247925,1.9694744348526,60.3400001525879,66.4329986572266,22.8089771270752,85.9938583374023,NA,2.23979997634888
"66","Germany",2014,"DEU",78.5714263916016,1.5953381061554,4.98099994659424,1.83197164535522,60.3680000305176,66.5319976806641,22.9732208251953,84.7810668945312,0.291999995708466,1.43652808666229
"67","Germany",2013,"DEU",82.425422668457,0.489584475755692,5.23099994659424,1.96539056301117,60.2459983825684,66.5510025024414,22.5037250518799,84.9572906494141,NA,1.01100122928619
"68","Germany",2012,"DEU",75.8642730712891,0.491992831230164,5.37900018692017,1.54029405117035,59.9259986877441,66.5220031738281,22.7257289886475,85.874755859375,0.289000004529953,1.07820510864258
"69","Germany",2011,"DEU",78.1534423828125,3.66000008583069,5.82399988174438,1.07047688961029,59.9739990234375,66.6900024414062,22.8989353179932,84.7477340698242,NA,1.74725019931793
"70","Germany",2010,"DEU",68.4701461791992,4.07993316650391,6.96600008010864,0.757704436779022,59.4179992675781,66.4520034790039,22.1896076202393,79.3030776977539,NA,0.40551033616066
"71","Germany",2009,"DEU",23.5371475219727,-5.61886024475098,7.74200010299683,1.75699424743652,59.3709983825684,66.661003112793,19.9273204803467,70.6650466918945,NA,0.395565062761307
"72","Germany",2008,"DEU",49,1.08231544494629,7.52500009536743,0.83879166841507,59.2220001220703,66.8059997558594,22.5076522827148,80.9449081420898,NA,0.633426308631897
"73","Germany",2007,"DEU",67.0860900878906,3.26053524017334,8.65799999237061,1.69738721847534,59.1980018615723,66.911003112793,23.4427509307861,79.3705291748047,0.284999996423721,-0.171138510107994
"74","Germany",2006,"DEU",43.1847953796387,3.70015954971313,10.25,0.304045349359512,58.875,66.8170013427734,23.1349868774414,77.0821685791016,NA,0.0812842920422554
"75","Germany",2005,"DEU",17.8947372436523,0.706713974475861,11.1669998168945,0.62069433927536,58.4910011291504,66.8960037231445,22.4486408233643,70.4211883544922,NA,-0.173877760767937
"76","Denmark",2016,"DNK",78.2306137084961,1.2875634431839,6.05100011825562,0.369940549135208,62.0040016174316,66.0609970092773,15.5603380203247,99.3221282958984,NA,NA
"77","Denmark",2015,"DNK",82.9341354370117,1.60608613491058,6.16800022125244,0.903906345367432,62.0429992675781,66.1589965820312,14.6315135955811,103.052627563477,NA,1.97622442245483
"78","Denmark",2014,"DNK",80.458625793457,1.67593431472778,6.58900022506714,0.776643633842468,62.1469993591309,66.3420028686523,13.5680780410767,102.076972961426,0.254000008106232,1.67385482788086
"79","Denmark",2013,"DNK",74.3256759643555,0.933349251747131,6.99700021743774,0.888174295425415,62.3779983520508,66.2310028076172,13.6158123016357,103.050148010254,NA,0.178449332714081
"80","Denmark",2012,"DNK",53.4930152893066,0.226468473672867,7.52600002288818,2.37518048286438,63.2120018005371,67.4059982299805,13.2434968948364,103.240997314453,0.248999997973442,-0.232702150940895
"81","Denmark",2011,"DNK",43.6075325012207,1.33677470684052,7.57299995422363,0.638645470142365,63.9790000915527,68.4489974975586,12.7971782684326,101.245742797852,NA,-0.495112657546997
"82","Denmark",2010,"DNK",45.523811340332,1.87099266052246,7.46400022506714,3.22406435012817,64.370002746582,69.0979995727539,12.6703491210938,94.099983215332,NA,1.06400835514069
"83","Denmark",2009,"DNK",69.1699600219727,-4.90652561187744,6.00699996948242,0.529022812843323,65.3259963989258,70.2119979858398,12.8789625167847,89.7550354003906,NA,2.41713070869446
"84","Denmark",2008,"DNK",70,-0.512025237083435,3.43400001525879,4.13472461700439,66.0559997558594,71.2409973144531,13.6648044586182,104.828224182129,NA,1.37341618537903
"85","Denmark",2007,"DNK",96.5965957641602,0.909253001213074,3.80100011825562,2.43226146697998,65.8570022583008,71.0579986572266,14.089280128479,100.067863464355,0.244000002741814,1.18318390846252
"86","Denmark",2006,"DNK",96.1116638183594,3.91298007965088,3.8970000743866,2.07620525360107,66.2630004882812,71.5630035400391,14.2079887390137,97.36669921875,NA,1.76474714279175
"87","Denmark",2005,"DNK",94.1960067749023,2.33666443824768,4.82999992370605,2.90637588500977,65.8610000610352,71.4410018920898,14.1636180877686,89.3997650146484,NA,1.74042809009552
"88","Spain",2016,"ESP",11.1770524978638,3.23575305938721,19.44700050354,0.306812226772308,58.1920013427734,64.4909973144531,14.1411619186401,63.2247924804688,NA,NA
"89","Spain",2015,"ESP",9.47158527374268,3.20468044281006,22.056999206543,0.502744257450104,58.3860015869141,64.765998840332,14.2359819412231,63.9062004089355,NA,0.807072877883911
"90","Spain",2014,"ESP",2.74881505966187,1.37899827957153,24.4409999847412,-0.264717727899551,58.6720008850098,65.1439971923828,13.7797088623047,62.9171905517578,0.345999985933304,-0.955599129199982
"91","Spain",2013,"ESP",3.75865483283997,-1.70589482784271,26.0939998626709,0.353532761335373,58.9039993286133,65.6859970092773,13.4324083328247,61.1831321716309,NA,0.887096762657166
"92","Spain",2012,"ESP",2.38805961608887,-2.92981147766113,24.7870006561279,0.0679544880986214,59.273998260498,66.3430023193359,13.2109603881836,59.9344253540039,0.33500000834465,-3.11123728752136
"93","Spain",2011,"ESP",3.58208966255188,-1.00008046627045,21.3910007476807,0.0289691742509604,59.2869987487793,66.8420028686523,13.4638786315918,58.0880470275879,NA,-1.41801762580872
"94","Spain",2010,"ESP",2.69730257987976,0.013786543160677,19.8600006103516,0.160328596830368,59.3139991760254,67.5080032348633,13.277530670166,52.3446388244629,NA,-1.71375477313995
"95","Spain",2009,"ESP",12.3752498626709,-3.57381200790405,17.8570003509521,0.252541124820709,59.1360015869141,67.9179992675781,13.170072555542,46.4979782104492,NA,6.77175188064575
"96","Spain",2008,"ESP",19,1.11597275733948,11.2550001144409,2.13552570343018,58.9780006408691,68.7119979858398,14.5017118453979,55.7588348388672,NA,4.02476787567139
"97","Spain",2007,"ESP",50.5505523681641,3.76889514923096,8.23200035095215,3.33123636245728,58.2039985656738,68.5899963378906,14.9706792831421,57.4064559936523,0.324000000953674,1.31273233890533
"98","Spain",2006,"ESP",50.4486541748047,4.1741189956665,8.45199966430664,3.97820425033569,57.7290000915527,68.5439987182617,15.5120811462402,55.6592712402344,NA,-0.381900250911713
"99","Spain",2005,"ESP",56.3049850463867,3.72310304641724,9.14599990844727,4.14938974380493,56.8559989929199,68.3089981079102,15.7325105667114,54.3351020812988,NA,0.578101992607117
"100","Estonia",2016,"EST",47.0646781921387,1.57029354572296,6.91099977493286,1.68564534187317,61.9269981384277,69.5380020141602,15.755220413208,155.224136352539,NA,NA
"101","Estonia",2015,"EST",47.1641807556152,1.44421577453613,6.18699979782104,1.03813707828522,61.9179992675781,69.5339965820312,15.8366737365723,154.422943115234,NA,5.53313684463501
"102","Estonia",2014,"EST",50.8982048034668,2.82290697097778,7.35200023651123,1.72409021854401,61.8129997253418,69.3479995727539,16.1522655487061,162.594192504883,0.361000001430511,6.28505420684814
"103","Estonia",2013,"EST",43.7686920166016,1.41521430015564,8.63099956512451,3.85632610321045,61.9080009460449,68.9039993286133,15.5351028442383,167.001770019531,NA,1.83956325054169
"104","Estonia",2012,"EST",37.0887336730957,4.30725908279419,10.0209999084473,3.15975213050842,61.7060012817383,68.697998046875,15.9127731323242,170.428329467773,0.337999999523163,2.74445509910583
"105","Estonia",2011,"EST",33.698902130127,7.59730005264282,12.3280000686646,5.2608962059021,62.2229995727539,68.5029983520508,16.5727081298828,167.349945068359,NA,-4.48437881469727
"106","Estonia",2010,"EST",32.2999992370605,2.25907588005066,16.7070007324219,1.73588407039642,61.3520011901855,67.6869964599609,15.6885042190552,143.800155639648,NA,-0.139940723776817
"107","Estonia",2009,"EST",19.284294128418,-14.724404335022,13.5480003356934,0.430687755346298,61.556999206543,68.8410034179688,14.1266193389893,116.649642944336,NA,-4.0593900680542
"108","Estonia",2008,"EST",28,-5.41945600509644,5.45499992370605,7.49280738830566,61.7589988708496,69.6729965209961,15.4785957336426,137.52294921875,NA,0.747931241989136
"109","Estonia",2007,"EST",66.3043441772461,7.74819231033325,4.59200000762939,11.510458946228,61.0530014038086,69.0749969482422,15.9275121688843,135.265670776367,0.316000014543533,15.63161277771
"110","Estonia",2006,"EST",80.9809799194336,10.2718839645386,5.91499996185303,8.87790489196777,60.9080009460449,67.9029998779297,16.4716339111328,137.12141418457,NA,7.2845721244812
"111","Estonia",2005,"EST",58.582836151123,9.37371158599854,8.03299999237061,6.07170486450195,58.9879989624023,65.6320037841797,16.6416969299316,136.916595458984,NA,6.45161294937134
"112","Finland",2016,"FIN",39.4762382507324,1.38729989528656,8.99699974060059,0.774161100387573,58.242000579834,61.8769989013672,16.5668621063232,71.9132766723633,NA,NA
"113","Finland",2015,"FIN",23.1536922454834,0.268556386232376,9.37600040435791,1.69162607192993,58.4990005493164,62.1360015869141,16.9616069793701,73.9798889160156,NA,1.18272924423218
"114","Finland",2014,"FIN",21.0578842163086,-0.631728112697601,8.66300010681152,1.69289028644562,58.8160018920898,62.4269981384277,16.898416519165,75.3744964599609,0.256999999284744,0.151162207126617
"115","Finland",2013,"FIN",46.8063888549805,-0.758036315441132,8.19299983978271,2.5517156124115,59.1920013427734,63.0460014343262,16.937520980835,78.5136108398438,NA,-1.07374000549316
"116","Finland",2012,"FIN",54.61767578125,-1.42618930339813,7.68900012969971,2.95356440544128,60.0789985656738,64.286003112793,16.8585472106934,80.4057235717773,0.261999994516373,0.0686880573630333
"117","Finland",2011,"FIN",65.2043838500977,2.57081770896912,7.7810001373291,2.58402371406555,60.2589988708496,64.8089981079102,18.869607925415,79.1699066162109,NA,0.344623863697052
"118","Finland",2010,"FIN",60.7569732666016,2.99233746528625,8.39400005340576,0.350772529840469,60.2560005187988,64.5820007324219,19.5257301330566,76.0897903442383,NA,1.57015705108643
"119","Finland",2009,"FIN",46.4955558776855,-8.26903629302979,8.25,1.87741446495056,60.8720016479492,64.8030014038086,19.1300182342529,70.5312423706055,NA,0.806532919406891
"120","Finland",2008,"FIN",78,0.720668494701385,6.36899995803833,3.07688474655151,61.9160003662109,66.5339965820312,23.7014770507812,86.5118637084961,NA,0.969588994979858
"121","Finland",2007,"FIN",90.6189575195312,5.18480062484741,6.85400009155273,2.76503968238831,61.6910018920898,66.0189971923828,25.2960510253906,83.1759414672852,0.268999993801117,1.52435088157654
"122","Finland",2006,"FIN",90.1999969482422,4.05519723892212,7.7189998626709,0.91245436668396,61.5050010681152,65.9960021972656,25.0606422424316,82.1827926635742,NA,2.32650375366211
"123","Finland",2005,"FIN",81.73828125,2.7799551486969,8.38399982452393,0.923616647720337,60.9589996337891,65.3830032348633,24.3272228240967,76.6277160644531,NA,2.30161738395691
"124","France",2016,"FRA",14.7852144241333,1.18765032291412,9.96500015258789,0.385265648365021,54.9070014953613,59.6710014343262,11.1035652160645,60.5815010070801,NA,NA
"125","France",2015,"FRA",14.1325540542603,1.06746160984039,10.3590002059937,1.09231638908386,55.1580009460449,59.992000579834,11.2311162948608,61.0635185241699,NA,1.38641917705536
"126","France",2014,"FRA",8.09476757049561,0.947586476802826,10.3050003051758,0.576458632946014,55.4329986572266,60.3160018920898,11.1425037384033,59.6683120727539,0.293999999761581,1.08408689498901
"127","France",2013,"FRA",7.49756574630737,0.576241552829742,10.3520002365112,0.776636481285095,55.6720008850098,60.7919998168945,11.3472833633423,59.098804473877,NA,0.459893345832825
"128","France",2012,"FRA",8.63952350616455,0.182693034410477,9.8149995803833,1.15764892101288,55.875,61.1380004882812,11.3290987014771,59.2003860473633,0.30799999833107,0.65888500213623
"129","France",2011,"FRA",12.3181381225586,2.07922911643982,9.2480001449585,0.943611741065979,55.6980018615723,60.9640007019043,11.374924659729,58.169002532959,NA,-0.178601801395416
"130","France",2010,"FRA",13.320463180542,1.96565735340118,9.30399990081787,1.07982552051544,55.875,61.265998840332,11.2505292892456,53.9684371948242,NA,1.99219310283661
"131","France",2009,"FRA",11.1645812988281,-2.94134116172791,9.14700031280518,0.0966244265437126,55.9580001831055,61.4280014038086,11.5073013305664,49.5678482055664,NA,3.05730199813843
"132","France",2008,"FRA",12,0.195294767618179,7.48400020599365,2.37911915779114,55.7560005187988,61.3940010070801,12.0920791625977,56.5238380432129,NA,-0.190345898270607
"133","France",2007,"FRA",23.745174407959,2.36149883270264,8.05399990081787,2.56390643119812,55.7210006713867,61.4630012512207,12.6794900894165,55.5477027893066,0.294999986886978,0.415123641490936
"134","France",2006,"FRA",30.2186870574951,2.37494683265686,8.93599987030029,2.16119813919067,55.6479988098145,61.6469993591309,12.8041429519653,55.1872444152832,NA,1.10513925552368
"135","France",2005,"FRA",21.7606334686279,1.60771381855011,8.94600009918213,1.93951392173767,55.7639999389648,61.9490013122559,13.3079042434692,53.1520156860352,NA,1.20091676712036
"136","United Kingdom",2016,"GBR",51.0796737670898,1.80601835250854,4.84899997711182,1.73620891571045,62.6599998474121,68.6190032958984,9.69098281860352,58.0781364440918,NA,NA
"137","United Kingdom",2015,"GBR",53.0038032531738,2.19422912597656,5.30100011825562,0.55005544424057,62.6829986572266,68.713996887207,9.76077079772949,56.8522491455078,NA,1.80218970775604
"138","United Kingdom",2014,"GBR",48.1003036499023,3.07048368453979,6.11100006103516,1.64553236961365,62.7150001525879,68.8199996948242,10.1618194580078,58.1367683410645,0.358000010251999,-0.778127014636993
"139","United Kingdom",2013,"GBR",37.6789741516113,1.91107845306396,7.52600002288818,1.90430819988251,62.5379981994629,68.7639999389648,10.2605581283569,61.7696495056152,NA,-1.31000423431396
"140","United Kingdom",2012,"GBR",23.8496932983398,1.31301856040955,7.88600015640259,1.5391389131546,62.2439994812012,68.8310012817383,9.93155860900879,61.8261985778809,0.351000010967255,-0.395944565534592
"141","United Kingdom",2011,"GBR",14.8628044128418,1.50906181335449,8.03699970245361,2.01143765449524,62.0390014648438,68.6520004272461,10.0383930206299,62.7065238952637,NA,-2.52616810798645
"142","United Kingdom",2010,"GBR",16,1.91516184806824,7.78700017929077,1.54207229614258,62.0610008239746,68.7050018310547,9.9885835647583,59.2218208312988,NA,-2.57228326797485
"143","United Kingdom",2009,"GBR",18.0473365783691,-4.32773780822754,7.53700017929077,1.53042936325073,62.2939987182617,69.2959976196289,9.6682243347168,54.7244110107422,NA,0.775082528591156
"144","United Kingdom",2008,"GBR",18,-0.627205193042755,5.61499977111816,2.82417368888855,62.4720001220703,69.7369995117188,10.1100549697876,56.7548561096191,NA,-2.87729668617249
"145","United Kingdom",2007,"GBR",63.2089538574219,2.55581903457642,5.26200008392334,2.5483090877533,62.1710014343262,69.5690002441406,10.121111869812,52.3373985290527,0.372999995946884,2.36308121681213
"146","United Kingdom",2006,"GBR",68.6783828735352,2.50300860404968,5.34999990463257,2.94621753692627,62.3709983825684,69.6340026855469,10.6456489562988,56.0369834899902,NA,2.43225073814392
"147","United Kingdom",2005,"GBR",69.3620147705078,2.97209572792053,4.75,2.66443872451782,61.8759994506836,69.2649993896484,11.1352777481079,52.1348609924316,NA,-0.44818252325058
"148","Greece",2016,"GRC",2.68123149871826,0.0117520587518811,23.9090003967285,0.0966164842247963,51.7630004882812,60.0620002746582,9.79982948303223,60.9778175354004,NA,NA
"149","Greece",2015,"GRC",2.99700307846069,-0.219147175550461,24.8969993591309,-1.04375648498535,51.689998626709,59.9679985046387,9.4830846786499,63.6862640380859,NA,0.874835610389709
"150","Greece",2014,"GRC",2.57680869102478,0.352849245071411,26.4909992218018,-1.84847450256348,51.8279991149902,60.1150016784668,9.5036449432373,67.4429244995117,0.342999994754791,0.725681066513062
"151","Greece",2013,"GRC",1.89999997615814,-3.24142503738403,27.4659996032715,-2.35229992866516,52.2490005493164,61.048999786377,9.517746925354,63.5191421508789,NA,-5.80480670928955
"152","Greece",2012,"GRC",0.599400579929352,-7.3004937171936,24.4389991760254,-0.370392024517059,52.6069984436035,61.5260009765625,9.09980010986328,61.8177680969238,0.340000003576279,-4.52685546875
"153","Greece",2011,"GRC",1.5,-9.13249397277832,17.8649997711182,0.798356115818024,52.9620018005371,62.4739990234375,8.89192199707031,57.8446197509766,NA,-6.56245470046997
"154","Greece",2010,"GRC",2.09999990463257,-5.47903728485107,12.7130002975464,0.6733717918396,53.693000793457,63.6759986877441,8.19262313842773,52.8290977478027,NA,-6.65853548049927
"155","Greece",2009,"GRC",10,-4.30073356628418,9.61600017547607,2.56977105140686,53.5330009460449,63.9690017700195,8.54388046264648,47.7438468933105,NA,4.69141626358032
"156","Greece",2008,"GRC",10,-0.335172563791275,7.76000022888184,4.34458303451538,53.0979995727539,64.1500015258789,9.62417316436768,59.3297157287598,NA,-1.49997675418854
"157","Greece",2007,"GRC",23.4234237670898,3.27374696731567,8.39599990844727,3.4226667881012,53.0909996032715,64.1660003662109,9.59483051300049,57.5243759155273,0.330000013113022,-0.0279420670121908
"158","Greece",2006,"GRC",22.2999992370605,5.6524338722229,9.00800037384033,3.49504256248474,53.1879997253418,64.3379974365234,9.54544734954834,52.8502388000488,NA,1.19704043865204
"159","Greece",2005,"GRC",13.0130128860474,0.599142074584961,9.99400043487549,2.24031949043274,52.8919982910156,64.1689987182617,9.56708526611328,50.9008636474609,NA,-0.30070948600769
"160","Croatia",2016,"HRV",14.877589225769,2.92928791046143,13.4759998321533,-0.122557461261749,52.1580009460449,58.5289993286133,14.6137008666992,99.6189498901367,NA,NA
"161","Croatia",2015,"HRV",18.9484119415283,1.64144206047058,16.2770004272461,0.102490745484829,52.2840003967285,58.726001739502,14.7037792205811,97.1989059448242,NA,NA
"162","Croatia",2014,"HRV",10.6134376525879,-0.49175751209259,17.2900009155273,0.0483999289572239,52.4249992370605,58.9080009460449,14.4797849655151,90.8490676879883,NA,NA
"163","Croatia",2013,"HRV",3.09999990463257,-1.06392109394073,17.2509994506836,0.804786920547485,50.9179992675781,57.7900009155273,14.1248159408569,85.596305847168,NA,NA
"164","Croatia",2012,"HRV",2.29999995231628,-2.18742918968201,15.9350004196167,1.58127915859222,51.3930015563965,58.576000213623,14.4750804901123,82.6755752563477,NA,NA
"165","Croatia",2011,"HRV",4.90000009536743,-0.281262665987015,13.6780004501343,1.67190897464752,51.6860008239746,59.3440017700195,14.3893194198608,81.2732162475586,NA,NA
"166","Croatia",2010,"HRV",4.29570436477661,-1.70124971866608,11.6199998855591,0.83154970407486,52.1780014038086,59.2179985046387,14.1572179794312,75.8976287841797,NA,NA
"167","Croatia",2009,"HRV",10.1000003814697,-7.38378286361694,9.20199966430664,2.78034210205078,52.7220001220703,59.8209991455078,14.4357862472534,72.7617950439453,NA,NA
"168","Croatia",2008,"HRV",11,2.05336546897888,8.52999973297119,5.70251750946045,52.9500007629395,60.734001159668,15.0759830474854,84.9946441650391,NA,NA
"169","Croatia",2007,"HRV",18.1000003814697,5.15000486373901,9.90900039672852,4.10500955581665,52.9819984436035,61.0870018005371,15.1781787872314,85.2684555053711,NA,NA
"170","Croatia",2006,"HRV",8.89999961853027,4.78512096405029,11.1300001144409,3.99725389480591,52.7280006408691,59.9630012512207,15.2119407653809,86.065673828125,NA,NA
"171","Croatia",2005,"HRV",3.79620385169983,4.16384077072144,12.5979995727539,3.395024061203,53.2960014343262,61.1100006103516,15.6330223083496,84.7278442382812,NA,NA
"172","Hungary",2016,"HUN",30.5,1.95436930656433,5.16800022125244,0.986515939235687,53.9959983825684,62.443000793457,23.9042472839355,174.702484130859,NA,NA
"173","Hungary",2015,"HUN",29.3384475708008,3.14808392524719,6.81300020217896,1.73213016986847,53.9720001220703,62.5089988708496,24.5915126800537,172.542922973633,NA,2.98585772514343
"174","Hungary",2014,"HUN",26.3901977539062,4.04732131958008,7.72499990463257,3.36063575744629,53.8930015563965,62.4630012512207,23.3237915039062,170.368759155273,0.287999987602234,-1.00343334674835
"175","Hungary",2013,"HUN",21.7000007629395,2.11714673042297,10.1770000457764,2.93858909606934,52.2840003967285,60.5810012817383,22.4876384735107,164.996643066406,NA,-0.0987461283802986
"176","Hungary",2012,"HUN",9.43579769134521,-1.60251235961914,11.0030002593994,3.41250967979431,51.7910003662109,59.7869987487793,22.3238773345947,166.824584960938,0.289000004529953,-3.1662757396698
"177","Hungary",2011,"HUN",8.32517147064209,1.73942339420319,11.0290002822876,2.21023941040039,50.8779983520508,58.8489990234375,22.0277404785156,168.21305847168,NA,-0.276750564575195
"178","Hungary",2010,"HUN",7.27449083328247,0.677098155021667,11.1719999313354,2.30563879013062,50.5470008850098,58.3330001831055,21.6297512054443,159.16357421875,NA,-0.619626462459564
"179","Hungary",2009,"HUN",4.88047790527344,-6.56363439559937,10.0299997329712,3.96301102638245,49.9360008239746,58.1590003967285,20.2620944976807,145.481643676758,NA,-3.55076670646667
"180","Hungary",2008,"HUN",5,0.889204502105713,7.81699991226196,4.97991561889648,49.9010009765625,58.2709999084473,21.3781185150146,158.919540405273,NA,1.25272870063782
"181","Hungary",2007,"HUN",8.10810852050781,0.448348194360733,7.4060001373291,5.35448551177979,50.2700004577637,58.8079986572266,22.2076797485352,155.927703857422,0.270999997854233,-1.26689326763153
"182","Hungary",2006,"HUN",10.6467657089233,3.85574579238892,7.49399995803833,3.49571633338928,50.4529991149902,58.8110008239746,22.6572380065918,149.694229125977,NA,1.91803193092346
"183","Hungary",2005,"HUN",13.7080869674683,4.38289403915405,7.18800020217896,2.39565658569336,50.1259994506836,58.3310012817383,22.0067024230957,127.858528137207,NA,3.7180016040802
"184","Ireland",2016,"IRL",64.0796051025391,5.21374464035034,8.08899974822998,-1.2327002286911,59.7099990844727,67.4489974975586,36.7065811157227,216.666915893555,NA,NA
"185","Ireland",2014,"IRL",38.5229530334473,8.46236228942871,11.2629995346069,-1.17653214931488,60.3759994506836,68.2259979248047,20.8925457000732,209.656692504883,0.308999985456467,-0.903038859367371
"186","Ireland",2013,"IRL",17.6470584869385,1.09884333610535,13.043999671936,1.42070770263672,60.6370010375977,68.3259963989258,21.5054302215576,193.384613037109,NA,-3.15449070930481
"187","Ireland",2012,"IRL",8.60000038146973,-1.10288226604462,14.6719999313354,2.6829526424408,60.3540000915527,68.1360015869141,22.5000247955322,196.398788452148,0.303999990224838,-0.608461856842041
"188","Ireland",2011,"IRL",3.2544379234314,-0.0405634045600891,14.625,3.59981298446655,60.6389999389648,68.4290008544922,23.9101676940918,186.309234619141,NA,-0.642712235450745
"189","Ireland",2010,"IRL",1.39026808738708,2.03354644775391,13.8540000915527,-3.48304915428162,61.1879997253418,69.2360000610352,21.5675010681152,190.109741210938,NA,-1.71542501449585
"190","Ireland",2009,"IRL",5.85898685455322,-4.56511449813843,12.0080003738403,-5.25613117218018,62.1990013122559,70.7679977416992,22.7004661560059,173.401916503906,NA,7.65242147445679
"191","Ireland",2008,"IRL",14,-4.37348127365112,6.39900016784668,-0.518177449703217,63.3479995727539,72.6740036010742,19.6509704589844,159.694030761719,NA,2.83884787559509
"192","Ireland",2007,"IRL",76.0912704467773,3.79662990570068,4.67399978637695,2.71056056022644,63.8190002441406,73.4570007324219,20.2606163024902,153.222671508789,0.305000007152557,2.73000764846802
"193","Ireland",2006,"IRL",90.8000030517578,5.86612892150879,4.41499996185303,2.69692587852478,63.3009986877441,73.5080032348633,21.1673202514648,149.904510498047,NA,1.44854915142059
"194","Ireland",2005,"IRL",89.8608322143555,5.76612043380737,4.34200000762939,3.06921005249023,62.560001373291,72.8649978637695,22.3746490478516,148.254058837891,NA,4.14136600494385
"195","Iceland",2014,"ISL",37.2745475769043,1.92514395713806,4.89699983596802,4.06146478652954,74.2850036621094,77.7149963378906,12.38782787323,100.263465881348,0.244000002741814,NA
"196","Iceland",2013,"ISL",23.3999996185303,4.41153526306152,5.37599992752075,1.84623908996582,74.1320037841797,77.7409973144531,12.9208030700684,102.86213684082,NA,NA
"197","Iceland",2012,"ISL",28.0876502990723,1.21753537654877,6,3.26287651062012,73.8119964599609,77.1449966430664,13.0516290664673,107.974479675293,0.256000012159348,NA
"198","Iceland",2011,"ISL",16.6000003814697,1.98713076114655,7.02799987792969,2.97094988822937,73.7799987792969,77.7770004272461,14.6871843338013,105.176582336426,NA,NA
"199","Iceland",2010,"ISL",8.19999980926514,-3.55986475944519,7.56400012969971,5.4455132484436,74.5220031738281,78.6269989013672,14.6351156234741,97.1354598999023,NA,NA
"200","Italy",2016,"ITA",12.2309198379517,0.879890561103821,11.5410003662109,0.754301309585571,48.2799987792969,57.9790000915527,16.2628936767578,56.5080871582031,NA,NA
"201","Italy",2015,"ITA",13.4842519760132,0.783243954181671,11.8959999084473,0.667433559894562,48.3790016174316,58.1440010070801,15.9159898757935,57.1261405944824,NA,0.735729992389679
"202","Italy",2014,"ITA",7.2834644317627,0.113671533763409,12.6829996109009,0.958909332752228,48.4850006103516,58.298999786377,15.4784078598022,55.7597694396973,0.324999988079071,0.476474106311798
"203","Italy",2013,"ITA",6.30000019073486,-1.72815728187561,12.1490001678467,1.21193599700928,48.2789993286133,58.3129997253418,15.3826274871826,55.4665908813477,NA,0.143849551677704
"204","Italy",2012,"ITA",6.8798451423645,-2.81901907920837,10.6549997329712,1.38015353679657,48.7089996337891,59.0439987182617,15.387318611145,56.1848831176758,0.331000000238419,-3.01483607292175
"205","Italy",2011,"ITA",8.82638168334961,0.576624631881714,8.35900020599365,1.46839046478271,47.8730010986328,58.6269989013672,15.7926340103149,55.5829887390137,NA,-1.5510368347168
"206","Italy",2010,"ITA",15.2941179275513,1.68652331829071,8.36200046539307,0.319448679685593,48.0209999084473,59.0460014343262,15.8170490264893,52.3455963134766,NA,0.953701496124268
"207","Italy",2009,"ITA",18.2432441711426,-5.48205375671387,7.74900007247925,1.95782196521759,48.3160018920898,59.5369987487793,15.1663236618042,45.6091156005859,NA,0.49621045589447
"208","Italy",2008,"ITA",15,-1.05040526390076,6.72300004959106,2.48058438301086,48.984001159668,60.3800010681152,17.1015472412109,54.7180099487305,NA,0.108876869082451
"209","Italy",2007,"ITA",22.6053638458252,1.47387146949768,6.07499980926514,2.43460297584534,48.6809997558594,60.4300003051758,17.7513561248779,55.2136497497559,0.312999993562698,-0.105363331735134
"210","Italy",2006,"ITA",28.628231048584,2.00658774375916,6.77699995040894,1.89885377883911,48.9679985046387,60.7900009155273,17.4085292816162,53.2922782897949,NA,0.694753408432007
"211","Italy",2005,"ITA",21.9900493621826,0.949664831161499,7.73000001907349,1.88823199272156,48.9889984130859,61.0050010681152,17.2280464172363,49.413818359375,NA,1.14230334758759
"212","Lithuania",2016,"LTU",32.4083251953125,2.29884338378906,9.1850004196167,1.17514193058014,59.3170013427734,65.7730026245117,18.9661293029785,147.842620849609,NA,NA
"213","Lithuania",2015,"LTU",37.9104461669922,1.77857613563538,9.11999988555908,0.240794882178307,59.1259994506836,65.4589996337891,19.3407459259033,152.375686645508,NA,NA
"214","Lithuania",2014,"LTU",36.2275466918945,3.49501609802246,10.6979999542236,1.00666379928589,59.181999206543,65.3420028686523,19.2046928405762,159.873870849609,NA,NA
"215","Lithuania",2013,"LTU",26.7701263427734,3.5068256855011,11.7700004577637,1.4031674861908,58.0769996643066,64.1289978027344,19.419527053833,166.671615600586,NA,NA
"216","Lithuania",2012,"LTU",18.8420028686523,3.83490180969238,13.3649997711182,2.68993544578552,58.0009994506836,63.5069999694824,20.66530418396,162.387176513672,NA,NA
"217","Lithuania",2011,"LTU",12.4756336212158,6.04935359954834,15.3900003433228,5.22208738327026,57.6570014953613,63.3219985961914,20.3696212768555,152.541244506836,NA,NA
"218","Lithuania",2010,"LTU",6.77290821075439,1.63981962203979,17.8139991760254,2.37852334976196,56.890998840332,62.109001159668,18.7742023468018,132.561782836914,NA,NA
"219","Lithuania",2009,"LTU",7.97244071960449,-14.8141632080078,13.7849998474121,-3.2951340675354,56.701000213623,62.1290016174316,16.7295722961426,105.558578491211,NA,NA
"220","Lithuania",2008,"LTU",15,2.6280779838562,5.82600021362305,9.70480728149414,55.8870010375977,62.1520004272461,17.489574432373,125.849418640137,NA,NA
"221","Lithuania",2007,"LTU",30.7086620330811,11.0869541168213,4.25,8.5679874420166,55.6570014953613,61.8969993591309,17.6987323760986,113.841430664062,NA,NA
"222","Lithuania",2006,"LTU",49.2000007629395,7.40644454956055,5.78000020980835,6.74398756027222,55.3380012512207,61.3769989013672,19.4662265777588,121.504196166992,NA,NA
"223","Lithuania",2005,"LTU",35.9920234680176,7.72740793228149,8.32499980926514,6.898362159729,56.0909996032715,62.7270011901855,20.1581363677979,114.916938781738,NA,NA
"224","Luxembourg",2016,"LUX",90.2195587158203,4.18049287796021,5.94199991226196,-0.61047101020813,58.9490013122559,65.7919998168945,5.47633266448975,419.474517822266,NA,NA
"225","Luxembourg",2015,"LUX",85.177864074707,4.00425672531128,6.66900014877319,0.707824289798737,59.1500015258789,66.1060028076172,5.5084433555603,419.529479980469,NA,0.287337243556976
"226","Luxembourg",2014,"LUX",74.2126007080078,5.62693071365356,5.85200023651123,1.62713217735291,59.007999420166,66.0439987182617,5.52167892456055,378.62158203125,0.28099998831749,2.01460552215576
"227","Luxembourg",2013,"LUX",71.9921112060547,3.99019169807434,5.84800004959106,1.48051345348358,58.2879981994629,65.5380020141602,5.46648931503296,351.712036132812,NA,2.15848517417908
"228","Luxembourg",2012,"LUX",70.1195220947266,-0.352519363164902,5.1399998664856,2.5564968585968,58.0180015563965,65.1760025024414,5.33867073059082,341.862030029297,0.300999999046326,-0.641499698162079
"229","Luxembourg",2011,"LUX",83.7349395751953,2.53923487663269,4.90100002288818,4.77359104156494,56.8549995422363,64.463996887207,5.50664472579956,323.449615478516,NA,-0.972477674484253
"230","Luxembourg",2010,"LUX",78.3625717163086,4.86496877670288,4.36100006103516,3.61672258377075,56.9799995422363,65.3690032958984,5.82771921157837,316.161407470703,NA,1.14380216598511
"231","Luxembourg",2009,"LUX",70,-4.35860681533813,5.12200021743774,1.3980176448822,57.2770004272461,66.0670013427734,5.33422994613647,295.972808837891,NA,1.57830274105072
"232","Luxembourg",2008,"LUX",60,-1.27958559989929,5.05999994277954,3.88371586799622,55.0069999694824,63.3610000610352,7.7500786781311,343.561828613281,NA,0.330044597387314
"233","Luxembourg",2007,"LUX",81.8363265991211,8.35455322265625,4.06500005722046,1.4901362657547,54.9650001525879,63.443000793457,9.07373046875,332.504852294922,0.279000014066696,2.66938233375549
"234","Luxembourg",2006,"LUX",77.1543121337891,5.17848587036133,4.73099994659424,7.03551626205444,55.2830009460449,64.2249984741211,7.96016359329224,320.598266601562,NA,1.3888635635376
"235","Luxembourg",2005,"LUX",87.5,3.17244267463684,4.48799991607666,4.19570207595825,54.7960014343262,64.6640014648438,8.92504787445068,297.772979736328,NA,0.65853613615036
"236","Latvia",2016,"LVA",20.3777332305908,1.95036566257477,9.88300037384033,0.715657532215118,60.4630012512207,67.7900009155273,12.5470304489136,115.433364868164,NA,NA
"237","Latvia",2015,"LVA",23.1768226623535,2.71212816238403,9.8730001449585,0.396372586488724,60.3709983825684,67.7229995727539,12.2987756729126,118.994537353516,NA,7.60545587539673
"238","Latvia",2014,"LVA",24.1516971588135,2.11991882324219,10.8459997177124,1.55392062664032,60.1730003356934,67.4649963378906,12.264105796814,120.955604553223,0.351999998092651,7.78892040252686
"239","Latvia",2013,"LVA",21.4498519897461,2.62655687332153,11.8669996261597,1.45169365406036,59.9300003051758,66.8010025024414,12.6532497406006,123.810615539551,NA,4.85962247848511
"240","Latvia",2012,"LVA",16.815034866333,4.0052695274353,15.0469999313354,3.64497947692871,59.9169998168945,66.8099975585938,13.1243658065796,127.065795898438,0.347000002861023,4.04716396331787
"241","Latvia",2011,"LVA",9.11793899536133,6.38150072097778,16.2059993743896,6.39417505264282,58.693000793457,65.4779968261719,13.2248039245605,120.611251831055,NA,-3.5549635887146
"242","Latvia",2010,"LVA",5.88235282897949,-3.78964996337891,19.4820003509521,-0.967530369758606,58.9749984741211,65.4039993286133,13.4394474029541,108.788986206055,NA,-3.91770839691162
"243","Latvia",2009,"LVA",1.98412692546844,-14.3322439193726,17.5149993896484,-9.75288009643555,60.5880012512207,67.6630020141602,10.8929014205933,86.8264236450195,NA,-9.81802082061768
"244","Latvia",2008,"LVA",7,-3.60891556739807,7.73899984359741,11.8224992752075,61.9889984130859,70.4189987182617,10.771671295166,92.0013809204102,NA,3.26336050033569
"245","Latvia",2007,"LVA",16.3021869659424,9.94939136505127,6.05200004577637,20.148645401001,60.6590003967285,69.120002746582,11.3968544006348,95.9230194091797,0.375999987125397,23.3631114959717
"246","Latvia",2006,"LVA",28.8669948577881,11.8893880844116,7.03000020980835,12.4097061157227,59.3600006103516,67.9800033569336,12.0715484619141,100.618598937988,NA,10.4132852554321
"247","Latvia",2005,"LVA",20.0985221862793,10.6970338821411,10.0329999923706,11.1737060546875,57.8339996337891,66.2839965820312,12.9694385528564,100.833396911621,NA,16.2578029632568
"248","Former Yugoslav Republic of Macedonia",2016,"MKD",31.822473526001,2.40591835975647,26.7280006408691,6.25910949707031,55.8129997253418,67.9779968261719,15.3190460205078,113.041694641113,NA,NA
"249","Former Yugoslav Republic of Macedonia",2015,"MKD",34.6190032958984,3.84162378311157,26.068000793457,1.88709449768066,55.8740005493164,68.1100006103516,13.0763301849365,113.829177856445,NA,NA
"250","Former Yugoslav Republic of Macedonia",2014,"MKD",33.869441986084,3.62964129447937,28.0300006866455,1.44646096229553,55.8969993591309,68.1660003662109,12.612850189209,112.537925720215,NA,NA
"251","Former Yugoslav Republic of Macedonia",2013,"MKD",34.351146697998,2.92526531219482,29,4.48328542709351,55.882999420166,67.5770034790039,11.3939352035522,104.857231140137,NA,NA
"252","Former Yugoslav Republic of Macedonia",2012,"MKD",27.1780300140381,-0.456184417009354,31,1.00299942493439,55.3600006103516,67.8290023803711,11.8369817733765,112.215049743652,NA,NA
"253","Former Yugoslav Republic of Macedonia",2011,"MKD",38.2938385009766,2.33989238739014,31.3999996185303,3.72216606140137,55.8199996948242,68.1869964599609,13.2616882324219,113.192123413086,NA,NA
"254","Former Yugoslav Republic of Macedonia",2010,"MKD",23.8636360168457,3.3587601184845,32,2.04127383232117,56.0769996643066,69.265998840332,11.437403678894,97.8810653686523,NA,NA
"255","Former Yugoslav Republic of Macedonia",2009,"MKD",24.7023811340332,-0.358615845441818,32.2000007629395,0.295078605413437,55.8950004577637,69.1999969482422,10.2126579284668,87.1769943237305,NA,NA
"256","Former Yugoslav Republic of Macedonia",2008,"MKD",30,5.4717116355896,33.7999992370605,5.49148368835449,55.5810012817383,68.3809967041016,11.3518133163452,111.570053100586,NA,NA
"257","Former Yugoslav Republic of Macedonia",2007,"MKD",32.0754699707031,6.47348690032959,35,4.59255266189575,55.0449981689453,66.9420013427734,11.8355951309204,106.093231201172,NA,NA
"258","Malta",2016,"MLT",81.5891494750977,5.0414571762085,5.31699991226196,1.58619892597198,52.375,65.8199996948242,8.60440254211426,270.930023193359,NA,NA
"259","Malta",2015,"MLT",85.0894622802734,7.42694616317749,5.39099979400635,2.38973569869995,52.3089981079102,65.9680023193359,8.97936534881592,280.146514892578,NA,NA
"260","Malta",2014,"MLT",72.7810668945312,8.30563354492188,5.80399990081787,2.03514790534973,52.2620010375977,66.1350021362305,9.92526817321777,287.268768310547,NA,NA
"261","Malta",2013,"MLT",71,4.51110124588013,6.38600015640259,1.9837874174118,51.8339996337891,66.0619964599609,10.8371953964233,309.590881347656,NA,NA
"262","Malta",2012,"MLT",43.7999992370605,2.58148980140686,6.30800008773804,2.12308239936829,50.7519989013672,65.5370025634766,12.6126842498779,327.055114746094,NA,NA
"263","Malta",2011,"MLT",34.3313369750977,1.39618492126465,6.37799978256226,2.13191652297974,49.9090003967285,66.3470001220703,13.2076768875122,319.036926269531,NA,NA
"264","Malta",2010,"MLT",33.2000007629395,3.54268312454224,6.84700012207031,3.82986354827881,49.2700004577637,66.0199966430664,12.9463977813721,307.421783447266,NA,NA
"265","Malta",2009,"MLT",31.3373260498047,-2.46227765083313,6.88899993896484,2.69004917144775,48.8530006408691,65.859001159668,12.8488492965698,296.974884033203,NA,NA
"266","Malta",2008,"MLT",39,3.34651279449463,5.97700023651123,3.00032377243042,49.0009994506836,66.4560012817383,15.2848968505859,297.201690673828,NA,NA
"267","Malta",2007,"MLT",50,3.98644876480103,6.47200012207031,2.79755544662476,48.9980010986328,67.5380020141602,14.1055526733398,258.509765625,NA,NA
"268","Malta",2006,"MLT",33.4000015258789,1.82871687412262,6.7979998588562,2.86405086517334,48.4249992370605,68.2649993896484,13.9674472808838,250.28498840332,NA,NA
"269","Malta",2005,"MLT",21.2424850463867,3.78365230560303,6.9229998588562,1.79638981819153,48.515998840332,68.8040008544922,14.57204246521,211.188034057617,NA,NA
"270","Montenegro",2016,"MNE",22.9323310852051,2.49999809265137,17.492000579834,1.54146134853363,48.7830009460449,56.0040016174316,6.00000047683716,107.899520874023,NA,NA
"271","Montenegro",2015,"MNE",25.5159473419189,3.40285682678223,17.5200004577637,1.37442672252655,48.8769989013672,56.1230010986328,5.99999952316284,103.532592773438,NA,NA
"272","Montenegro",2014,"MNE",16.7910442352295,1.78370893001556,18.0020008087158,1.03621804714203,48.9749984741211,56.242000579834,4.79264736175537,100.127616882324,NA,NA
"273","Montenegro",2013,"MNE",18.6372737884521,3.5490140914917,19.5,2.06696939468384,49.257999420166,56.609001159668,4.92704391479492,102.770927429199,NA,NA
"274","Montenegro",2012,"MNE",14.6509342193604,-2.72376775741577,19.6000003814697,0.176992610096931,49.9259986877441,57.3120002746582,4.86040782928467,111.766082763672,NA,NA
"275","Montenegro",2011,"MNE",15.2626361846924,3.22845411300659,19.7000007629395,1.20266950130463,48.8300018310547,55.8709983825684,5.93385648727417,106.658889770508,NA,NA
"276","Netherlands",2016,"NLD",81.3306884765625,2.14180874824524,6.16599988937378,0.846573412418365,63.5859985351562,69.9509963989258,11.9731817245483,150.727890014648,NA,NA
"277","Netherlands",2015,"NLD",78.5714263916016,1.95171093940735,6.87200021743774,0.0862492471933365,63.7970008850098,70.2409973144531,11.70006275177,154.147109985352,NA,1.93837630748749
"278","Netherlands",2014,"NLD",61.546085357666,1.4196902513504,7.41599988937378,0.149996593594551,64.0429992675781,70.5619964599609,11.3830614089966,154.288482666016,0.282999992370605,-0.839017570018768
"279","Netherlands",2013,"NLD",39.1944999694824,-0.19033919274807,7.24300003051758,1.36845898628235,64.5699996948242,70.8410034179688,11.3291473388672,153.324401855469,NA,0.16808557510376
"280","Netherlands",2012,"NLD",41.3962631225586,-1.05703735351562,5.82100009918213,1.41967165470123,64.6800003051758,70.8899993896484,11.8311433792114,154.270858764648,0.280000001192093,0.238506808876991
"281","Netherlands",2011,"NLD",55.8648109436035,1.66362631320953,4.97700023651123,0.141896337270737,64.2279968261719,70.5070037841797,12.0738801956177,146.173217773438,NA,-0.617592692375183
"282","Netherlands",2010,"NLD",55.9077796936035,1.40266215801239,4.44999980926514,0.847969174385071,64.5650024414062,71.2259979248047,11.8050508499146,135.545013427734,NA,0.529042720794678
"283","Netherlands",2009,"NLD",51.4000015258789,-3.76758360862732,3.41300010681152,0.399621516466141,66.2870025634766,73.1399993896484,11.7403450012207,118.98046875,NA,3.88816976547241
"284","Netherlands",2008,"NLD",67,1.69906079769135,2.75,2.47923684120178,66.1380004882812,73.3050003051758,12.9445934295654,134.658615112305,NA,0.596298813819885
"285","Netherlands",2007,"NLD",88.3582077026367,3.69847321510315,3.17899990081787,2.10544180870056,65.5920028686523,72.9899978637695,13.6737060546875,131.721893310547,0.298000007867813,1.12281680107117
"286","Netherlands",2006,"NLD",89.685661315918,3.51863694190979,3.90499997138977,2.55042862892151,64.7890014648438,72.5899963378906,13.6162605285645,129.825866699219,NA,-0.0738757029175758
"287","Netherlands",2005,"NLD",52.9821090698242,2.16036605834961,4.72399997711182,1.93383371829987,64.4800033569336,72.5059967041016,14.0788602828979,124.553848266602,NA,0.356795340776443
"288","Poland",2016,"POL",47.5490188598633,2.67867708206177,6.18300008773804,0.197670489549637,56.7550010681152,65.1009979248047,20.4355239868164,100.677459716797,NA,NA
"289","Poland",2015,"POL",47.2799224853516,3.84449887275696,7.50099992752075,0.756124079227448,56.8540000915527,65.2600021362305,19.8735828399658,95.9511413574219,NA,3.63832116127014
"290","Poland",2014,"POL",43.1752166748047,3.28257012367249,8.98999977111816,0.495258092880249,56.9309997558594,65.3450012207031,18.9170722961426,93.7364807128906,0.300000011920929,1.90641641616821
"291","Poland",2013,"POL",35.0999984741211,1.39082551002502,10.326000213623,0.289821028709412,56.5620002746582,64.9879989624023,17.9143009185791,90.6947708129883,NA,1.17954528331757
"292","Poland",2012,"POL",30.7000007629395,1.60663712024689,10.0880002975464,2.34964370727539,56.4690017700195,64.8239974975586,18.4399127960205,89.3292694091797,0.298000007867813,-0.930275201797485
"293","Poland",2011,"POL",34.2999992370605,5.01661586761475,9.63199996948242,3.22907733917236,56.1300010681152,64.5500030517578,18.1015224456787,87.0833358764648,NA,-0.00229126564227045
"294","Poland",2010,"POL",41.4414405822754,3.60696053504944,9.63700008392334,1.65955901145935,55.9580001831055,64.3079986572266,17.6837921142578,82.1083831787109,NA,3.4119987487793
"295","Poland",2009,"POL",33.4000015258789,2.82022190093994,8.16699981689453,3.77127194404602,55.2430000305176,63.7879981994629,18.5009727478027,75.2259140014648,NA,-0.217514663934708
"296","Poland",2008,"POL",39,4.2496452331543,7.11800003051758,3.8765857219696,54.5349998474121,63.0250015258789,18.6490001678467,80.7544555664062,NA,6.00766944885254
"297","Poland",2007,"POL",46.5534477233887,7.03480195999146,9.60200023651123,3.71335196495056,53.923999786377,62.181999206543,18.921142578125,80.6620025634766,0.316000014543533,2.30512809753418
"298","Poland",2006,"POL",32.2999992370605,6.17960405349731,13.8400001525879,1.72572326660156,54.0629997253418,62.2070007324219,18.7862548828125,77.7913970947266,NA,0.736148774623871
"299","Poland",2005,"POL",20.5,3.49365854263306,17.746000289917,2.56902003288269,54.6510009765625,62.4599990844727,18.3520641326904,70.2749633789062,NA,-0.557382106781006
"300","Portugal",2016,"PRT",14.7928991317749,1.39856159687042,11.1599998474121,1.6036411523819,58.3569984436035,63.951000213623,13.6223106384277,79.3444671630859,NA,NA
"301","Portugal",2015,"PRT",8.80316543579102,1.59443926811218,12.4440002441406,2.0846586227417,58.5250015258789,64.1650009155273,13.7634544372559,80.3942031860352,NA,-1.0399032831192
"302","Portugal",2014,"PRT",5.5776891708374,0.893093764781952,13.8940000534058,0.75037157535553,58.7280006408691,64.3949966430664,13.4910345077515,79.9597549438477,0.342000007629395,-2.03743195533752
"303","Portugal",2013,"PRT",3.34608030319214,-1.13015580177307,16.1830005645752,2.26704812049866,59.1199989318848,64.818000793457,13.139967918396,78.02734375,NA,2.05512571334839
"304","Portugal",2012,"PRT",10.837438583374,-4.02825689315796,15.5270004272461,-0.397566944360733,59.9500007629395,65.9219970703125,13.006254196167,75.9289627075195,0.337999999523163,-4.32016658782959
"305","Portugal",2011,"PRT",7.38522958755493,-1.8268529176712,12.6770000457764,-0.269572883844376,60.3160018920898,66.7369995117188,12.9401378631592,72.863883972168,NA,-2.37691950798035
"306","Portugal",2010,"PRT",5.99214124679565,1.89869177341461,10.7700004577637,0.643475472927094,60.9869995117188,66.7900009155273,13.1514234542847,67.3048477172852,NA,-0.382452189922333
"307","Portugal",2009,"PRT",10.0099105834961,-2.97810435295105,9.43200016021729,1.09632301330566,61.1959991455078,67.4000015258789,12.5586280822754,61.0822792053223,NA,4.61900568008423
"308","Portugal",2008,"PRT",8,0.199272245168686,7.55200004577637,1.73771595954895,62.015998840332,68.8280029296875,13.6941986083984,71.9633255004883,NA,-0.322580635547638
"309","Portugal",2007,"PRT",9.89011001586914,2.49200201034546,7.96400022506714,2.97906684875488,62.2869987487793,69.1309967041016,14.1182079315186,69.653076171875,0.361000001430511,0.702852725982666
"310","Portugal",2006,"PRT",11.8592967987061,1.55305325984955,7.64699983596802,3.18539476394653,62.2379989624023,69.4179992675781,14.2930374145508,68.0730361938477,NA,-2.16687846183777
"311","Portugal",2005,"PRT",4.37375736236572,0.766785025596619,7.58199977874756,3.32984066009521,62.0410003662109,69.2740020751953,14.4804134368896,62.5718040466309,NA,-0.574514508247375
"312","Romania",2016,"ROU",26.2948207855225,4.81820917129517,6.4210000038147,2.16115355491638,55.7019996643066,64.7030029296875,NA,83.7106475830078,NA,NA
"313","Romania",2015,"ROU",24.2843036651611,3.93796801567078,6.81199979782104,2.3972499370575,55.8790016174316,64.9140014648438,NA,82.8328323364258,NA,NA
"314","Romania",2014,"ROU",16.6994113922119,3.07630228996277,6.80200004577637,1.68590748310089,56.0579986572266,65.1039962768555,23.6514148712158,82.8234710693359,NA,NA
"315","Romania",2013,"ROU",13.4831457138062,3.53160309791565,7.09600019454956,3.41708588600159,54.9630012512207,63.5429992675781,23.04345703125,80.2721786499023,NA,NA
"316","Romania",2012,"ROU",6.70611429214478,0.640965700149536,6.79400014877319,4.68561935424805,55.007999420166,63.4099998474121,22.6126708984375,79.9016647338867,NA,NA
"317","Romania",2011,"ROU",8.50642967224121,1.05629444122314,7.17700004577637,4.7406439781189,54.576000213623,62.5629997253418,24.467752456665,79.2578125,NA,NA
"318","Romania",2010,"ROU",3.99600410461426,-0.798465549945831,6.95900011062622,5.41708755493164,55.1430015563965,63.6370010375977,23.8595962524414,70.7445755004883,NA,NA
"319","Romania",2009,"ROU",10.1879329681396,-7.06682825088501,6.85900020599365,4.75893068313599,55.0769996643066,63.5690002441406,21.5553970336914,61.1534080505371,NA,NA
"320","Romania",2008,"ROU",22,8.458984375,5.78800010681152,15.5962219238281,55.3240013122559,63.7210006713867,21.5473804473877,67.1199645996094,NA,NA
"321","Romania",2007,"ROU",26.7000007629395,6.86375761032104,6.41300010681152,12.7921447753906,55.5169982910156,63.4799995422363,22.0826892852783,72.5920562744141,NA,NA
"322","Romania",2006,"ROU",18.8336524963379,8.05556011199951,7.26900005340576,10.549898147583,55.5229988098145,63.2290000915527,23.5887012481689,76.0526275634766,NA,NA
"323","Romania",2005,"ROU",14.1293535232544,4.17191410064697,7.17399978637695,12.1036748886108,54.4879989624023,62.1310005187988,23.7610836029053,75.9276428222656,NA,NA
"324","Serbia",2016,"SRB",14.5365858078003,2.77877378463745,16.5300006866455,1.0676691532135,51.4169998168945,60.0029983520508,NA,109.160308837891,NA,NA
"325","Serbia",2015,"SRB",10.3960399627686,0.757715165615082,17.6599998474121,2.67599964141846,51.4519996643066,60.0929985046387,NA,103.100036621094,NA,NA
"326","Serbia",2014,"SRB",8.0629301071167,-1.8313010931015,18.8700008392334,2.70811009407043,51.4970016479492,60.1660003662109,NA,97.5988693237305,NA,NA
"327","Serbia",2013,"SRB",5.31914901733398,2.57173418998718,22.1200008392334,5.43982934951782,51.7080001831055,60.3769989013672,19.0998020172119,93.1096649169922,NA,NA
"328","Serbia",2012,"SRB",8.40579700469971,-1.01527035236359,23.8999996185303,6.26358222961426,50.8680000305176,59.6160011291504,18.0702419281006,90.5249557495117,NA,NA
"329","Slovakia",2016,"SVK",33.2671318054199,3.28514981269836,9.99100017547607,-0.384572327136993,59.4309997558594,68.1579971313477,22.7758769989014,183.896911621094,NA,NA
"330","Slovakia",2015,"SVK",29.8928928375244,3.83108472824097,11.4809999465942,-0.215989336371422,59.5219993591309,68.3209991455078,22.4539279937744,184.551391601562,NA,3.23852682113647
"331","Slovakia",2014,"SVK",13.2239379882812,2.57085251808167,13.1840000152588,-0.17129048705101,59.5629997253418,68.3929977416992,21.8796463012695,180.039367675781,0.268999993801117,1.94149851799011
"332","Slovakia",2013,"SVK",13.5,1.49064648151398,14.2209997177124,0.518528044223785,59.4620018005371,68.2639999389648,20.2211074829102,183.405471801758,NA,0.75835919380188
"333","Slovakia",2012,"SVK",11.7882118225098,1.65714871883392,13.9630002975464,1.26175546646118,59.3310012817383,68.4420013427734,20.8537483215332,179.193878173828,0.25,-1.10789155960083
"334","Slovakia",2011,"SVK",10.8999996185303,2.81909942626953,13.6169996261597,1.64767861366272,58.9220008850098,68.1679992675781,21.059663772583,171.007873535156,NA,-0.88689923286438
"335","Slovakia",2010,"SVK",16.6828327178955,5.04171657562256,14.378999710083,0.485295444726944,58.9669990539551,67.8249969482422,20.8084602355957,154.123062133789,NA,4.40955972671509
"336","Slovakia",2009,"SVK",18.7793426513672,-5.42254209518433,12.0249996185303,-1.16486930847168,58.8499984741211,68.1050033569336,17.7321319580078,136.701522827148,NA,3.36371922492981
"337","Slovakia",2008,"SVK",54,5.62977886199951,9.50800037384033,2.83459854125977,59.3009986877441,68.2799987792969,22.2598915100098,162.920928955078,NA,0.994292020797729
"338","Slovakia",2007,"SVK",45.3818817138672,10.7995767593384,11.1429996490479,1.12914526462555,58.6969985961914,67.6709976196289,23.2901458740234,167.670852661133,0.246999993920326,6.15715408325195
"339","Slovakia",2006,"SVK",33.6265869140625,8.45288753509521,13.3730001449585,2.91903519630432,59.0330009460449,68.1380004882812,23.4812927246094,166.031097412109,NA,3.31179332733154
"340","Slovakia",2005,"SVK",22.2924194335938,6.75096082687378,16.2560005187988,2.44091773033142,59.4930000305176,68.4619979858398,23.5552577972412,148.679397583008,NA,6.49462366104126
"341","Slovenia",2016,"SVN",26.2686557769775,2.49192810058594,8.69299983978271,0.601886570453644,57.234001159668,62.5979995727539,23.851692199707,148.475982666016,NA,NA
"342","Slovenia",2015,"SVN",19.4856586456299,2.31664490699768,8.96199989318848,0.975873053073883,57.4860000610352,62.9550018310547,23.2287216186523,146.754364013672,NA,1.98060750961304
"343","Slovenia",2014,"SVN",8.60420608520508,3.10628008842468,9.66800022125244,0.80908590555191,57.7470016479492,63.298999786377,23.0527648925781,145.327896118164,0.254999995231628,1.37898910045624
"344","Slovenia",2013,"SVN",5.70902395248413,-1.08692276477814,10.1020002365112,0.859009325504303,57.4910011291504,63.3450012207031,22.4529609680176,144.757614135742,NA,-0.167434066534042
"345","Slovenia",2012,"SVN",7.1005916595459,-2.68941354751587,8.84000015258789,0.274319022893906,57.7680015563965,63.3660011291504,21.6311225891113,142.321578979492,0.25,-2.81155347824097
"346","Slovenia",2011,"SVN",8.25958728790283,0.649366915225983,8.16600036621094,1.11943590641022,58.0940017700195,64.0120010375977,20.9620189666748,138.912307739258,NA,-0.265981435775757
"347","Slovenia",2010,"SVN",11.3659019470215,1.23775589466095,7.23600006103516,-0.987114131450653,59.2509994506836,65.5250015258789,20.1607093811035,127.141326904297,NA,3.00441145896912
"348","Slovenia",2009,"SVN",27.3715419769287,-7.79727649688721,5.85699987411499,3.35554075241089,59.4360008239746,65.5820007324219,19.5599765777588,112.616539001465,NA,0.904320120811462
"349","Slovenia",2008,"SVN",52,3.30013036727905,4.37099981307983,4.51224708557129,59.4869995117188,65.6169967651367,21.9452342987061,134.144348144531,NA,1.51255702972412
"350","Slovenia",2007,"SVN",58.275520324707,6.94164562225342,4.81799983978271,4.16865348815918,59.765998840332,66.375,23.3132381439209,136.491958618164,0.239999994635582,2.15743446350098
"351","Slovenia",2006,"SVN",66.1493682861328,5.65599918365479,5.94999980926514,2.18824648857117,59.2849998474121,65.6699981689453,23.4310092926025,129.438613891602,NA,3.23033714294434
"352","Slovenia",2005,"SVN",49.1395797729492,4.00300741195679,6.50600004196167,1.55023014545441,59.2019996643066,65.9769973754883,23.5665626525879,119.797477722168,NA,3.90910029411316
"353","Sweden",2016,"SWE",78.0369262695312,3.17773485183716,7.09299993515015,1.41884779930115,64.4499969482422,68.1380004882812,16.4691181182861,84.1679306030273,NA,NA
"354","Sweden",2015,"SWE",76.7190551757812,4.08495998382568,7.43200016021729,2.0363986492157,64.5289993286133,68.2399978637695,17.0012054443359,86.4336013793945,NA,1.75956225395203
"355","Sweden",2014,"SWE",80.8406677246094,2.60432648658752,7.95300006866455,1.77736973762512,64.5770034790039,68.2990036010742,16.4964046478271,85.7506561279297,0.28099998831749,1.28186464309692
"356","Sweden",2013,"SWE",84.8722991943359,1.24120485782623,8.05200004577637,1.05542695522308,64.5289993286133,68.4189987182617,16.7995433807373,83.0936737060547,NA,1.04303455352783
"357","Sweden",2012,"SWE",74.8299331665039,-0.286320626735687,7.97599983215332,1.06120109558105,64.1240005493164,68.0609970092773,17.1884536743164,87.7150192260742,0.273999989032745,2.22349190711975
"358","Sweden",2011,"SWE",85.5185928344727,2.66440796852112,7.80399990081787,1.18424439430237,63.8619995117188,68.0490036010742,18.2613906860352,88.6615295410156,NA,1.25819766521454
"359","Sweden",2010,"SWE",85.1815490722656,5.98892641067505,8.60999965667725,0.990935385227203,63.5250015258789,68.1149978637695,18.5879993438721,86.9028472900391,NA,0.590346693992615
"360","Sweden",2009,"SWE",36.1423225402832,-5.18465900421143,8.35099983215332,2.38313603401184,63.4879989624023,67.6230010986328,17.3104648590088,83.1433029174805,NA,0.658140003681183
"361","Sweden",2008,"SWE",54,-0.557047605514526,6.2350001335144,3.32182240486145,64.0139999389648,68.2210006713867,19.0673561096191,93.359130859375,NA,1.37962198257446
"362","Sweden",2007,"SWE",85.6430740356445,3.40494894981384,6.16099977493286,2.88490867614746,63.9570007324219,68.1589965820312,20.5369472503662,89.5397796630859,0.25900000333786,3.23061347007751
"363","Sweden",2006,"SWE",84.5849838256836,4.68812704086304,7.06599998474121,1.82112264633179,63.931999206543,68.390998840332,20.58713722229,88.7894821166992,NA,2.41823554039001
"364","Sweden",2005,"SWE",59.86328125,2.81832957267761,7.48600006103516,0.803683340549469,63.6699981689453,68.1449966430664,20.5469512939453,84.5739669799805,NA,1.95145106315613
"365","Turkey",2016,"TUR",57.3076934814453,2.87641048431396,10.3290004730225,7.72424697875977,50.2700004577637,71.3980026245117,18.9285736083984,47.0812530517578,NA,NA
"366","Turkey",2015,"TUR",56.9215888977051,6.05762958526611,10.2360000610352,7.80413007736206,50.2830009460449,71.4410018920898,18.9658012390137,49.2888793945312,NA,NA
"367","Turkey",2014,"TUR",48.6660537719727,5.16669082641602,9.88000011444092,7.4216775894165,50.2919998168945,71.4769973754883,18.98610496521,51.4141044616699,0.39300000667572,NA
"368","Turkey",2013,"TUR",47.1528472900391,8.49130916595459,8.73200035095215,6.26881408691406,49.7980003356934,70.6240005493164,18.5377922058105,50.3503227233887,NA,NA
"369","Turkey",2012,"TUR",38.7000007629395,4.78994035720825,8.14900016784668,7.41821813583374,49.4620018005371,70.7649993896484,17.9910945892334,52.2453079223633,0.40200001001358,NA
"370","Turkey",2011,"TUR",34.5309371948242,11.1134958267212,8.79599952697754,8.18856811523438,49.4799995422363,71.4739990234375,18.7346992492676,52.6629409790039,NA,NA
"371","Turkey",2010,"TUR",40.159839630127,8.48737239837646,10.6599998474121,7.0126576423645,48.4980010986328,70.7200012207031,17.1756954193115,45.8992156982422,NA,NA
"372","Turkey",2009,"TUR",27.2908363342285,-4.70446586608887,12.5520000457764,5.40180349349976,47.5769996643066,70.4670028686523,16.9946575164795,45.9324760437012,NA,NA
"373","Turkey",2008,"TUR",21,0.845251441001892,9.71000003814697,12.0373363494873,46.548999786377,69.9899978637695,18.2954635620117,49.906322479248,NA,NA
"374","Turkey",2007,"TUR",46.0159378051758,5.03045797348022,8.86800003051758,6.21664190292358,45.8689994812012,69.5139999389648,18.9849281311035,47.2895851135254,0.409000009298325,NA
"375","Turkey",2006,"TUR",33.8308448791504,7.109703540802,8.7180004119873,9.3717041015625,45.898998260498,69.5690002441406,19.5220394134521,48.1511077880859,NA,NA
"376","Turkey",2005,"TUR",33.8645401000977,9.00985336303711,10.6359996795654,7.10486316680908,46.1049995422363,70.2710037231445,19.3630046844482,45.437141418457,NA,NA
